<?xml version='1.0' encoding='utf-8'?>
<!DOCTYPE hibernate-mapping PUBLIC
    "-//Hibernate/Hibernate Mapping DTD 3.0//EN"
    "http://www.hibernate.org/dtd/hibernate-mapping-3.0.dtd">
<hibernate-mapping>

    <class name="com.nju.entity.Room" table="room" schema="hostelworld">
        <composite-id mapped="true" class="com.nju.entity.RoomPK">
            <key-property name="hostelno" column="hostelno"/>
            <key-property name="roomno" column="roomno"/>
        </composite-id>
        <property name="roomType" column="roomType">
            <type name="org.hibernate.type.EnumType">
                <param name="enumClass">com.nju.util.RoomType</param>
                <param name="type">12</param>
            </type>
        </property>
        <property name="roomTimeState" column="roomTimeState"/>
    </class>
</hibernate-mapping>